,Topic,Words,Frequency,Timestamp
0,-1,"cggma, railway, irow, rondn, federico",5,1949.928
1,1,"arayas, hortiz, elsia, colombian, trace",2,1949.928
2,3,"dictatorial, argentine, pern, enactments, espionage",2,1949.928
3,4,"conventionthis, federations, brotherhood, bolivian, codearticle",7,1949.928
4,5,"lovett, peruvian, sandoval, labor, delaney",2,1949.928
5,6,"venezuela, petroleum, venezuelan, oilworkers, dissolution",12,1949.928
6,7,"democracy, chilean, argumentsa, measuresa, siege",2,1949.928
7,14,"brazilian, telephonists, occupations, antisocial, loyalty",3,1949.928
8,15,"dominican, franco, invitation, interamerican, directorgeneral",4,1949.928
9,18,"desiring, traditionally, lockouts, reestablished, parliamentary",1,1949.928
10,25,"lzaro, pea, ordoqui, morera, gallo",1,1949.928
11,-1,"moacyr, fetraba, foba, pact, rgime",4,1953.6
12,0,"supplemented, nitrate, chile, goldsack, liberated",6,1953.6
13,1,"ctal, colombian, unionism, extraction, salt",2,1953.6
14,2,"reminders, earliest, regretting, moment, paragraphs",1,1953.6
15,3,"argentine, siege, iscaro, rubens, publications",6,1953.6
16,4,"write, literate, agricultural, read, workingthe",2,1953.6
17,7,"chile, andj, chilean, thereon, supplemented",4,1953.6
18,8,"guatemalan, guatemala, assets, dissolved, dissolution",9,1953.6
19,9,"carpio, cayetano, disseminated, salvador, bakery",1,1953.6
20,11,"foba, fetraba, pact, costa, bill",2,1953.6
21,12,"emanating, massacres, complimented, banditry, yosa",1,1953.6
22,15,"dominican, rgime, trujillo, congresses, sovereign",3,1953.6
23,19,"tegucigalpa, tela, honduras, ceiba, velzquez",2,1953.6
24,21,"insfrn, grau, functionsii, unioni, replyb",1,1953.6
25,25,"cuba, criticised, decrees, regarded, intervention",2,1953.6
26,-1,"bucci, foecyt, posting, robacio, privilege",5,1957.2
27,0,"michel, refrigeration, unoh, thzine, railwaymens",2,1957.2
28,3,"argentine, mobilisation, posting, argentina, robacios",15,1957.2
29,4,"distinction, guild, accorded, privileged, stewardship",2,1957.2
30,11,"costa, futra, rica, draw, bandung",2,1957.2
31,16,"subdirector, award, guayaquil, coastal, stipulations",1,1957.2
32,30,"michel, unoh, haiti, nathanael, isidore",4,1957.2
33,-1,"ossandn, madeco, paragraphs, snchez, furnish",13,1960.8
34,0,"riani, huayllamba, idovro, aroca, cedoc",15,1960.8
35,1,"patrol, demonstrators, rifle, boyac, grenades",2,1960.8
36,3,"argentine, soima, argentina, kristoff, luduea",12,1960.8
37,4,"majority, twothirds, vote, fash, railways",7,1960.8
38,5,"puno, banks, presidential, peru, decrees",4,1960.8
39,6,"printing, fragmentation, dominated, zulia, defer",1,1960.8
40,7,"agricultural, agriculture, chilean, thatwageearning, seasonal",2,1960.8
41,8,"muralles, paz, redondo, christian, appreciating",2,1960.8
42,10,"ginsa, siginsa, rubber, sitracs, factory",1,1960.8
43,11,"gamboa, puntarenas, christian, claudio, clearer",1,1960.8
44,12,"ballot, writer, ceiling, prices, remarkable",2,1960.8
45,14,"ja, argeu, ferrari, paragraphs, gavino",3,1960.8
46,15,"fenama, dominican, monegro, schoolteachers, polivio",4,1960.8
47,16,"works, railwaymens, cedoc, signatures, ecuador",3,1960.8
48,17,"railwaymen, vallejo, mexican, receivable, mexico",1,1960.8
49,18,"councils, industry, uruguay, bill, appointed",2,1960.8
50,19,"honduras, salinas, barnica, sinaseph, portillo",7,1960.8
51,22,"panama, ctrp, cuttings, furnish, panamab",3,1960.8
52,23,"lechn, oquendo, convenient, good, bolivia",1,1960.8
53,25,"cuba, cuban, furnish, revolutionary, reaffirm",8,1960.8
54,30,"uih, mercy, discharged, militants, guerrior",1,1960.8
55,-1,"esguerra, dockers, tolosa, mexicanos, bareiro",15,1964.4
56,0,"oquendo, lechin, pimentel, trillo, trial",16,1964.4
57,1,"cstc, antioquea, analferaux, agudelo, accin",6,1964.4
58,3,"rationalisation, argentine, argentina, chemical, disorders",7,1964.4
59,4,"tolosa, cstc, supa, dockers, vital",3,1964.4
60,5,"tourist, plus, puno, cuzco, decisionthe",1,1964.4
61,6,"scott, paragraphs, findol, landaz, lucker",1,1964.4
62,8,"fasgua, levelled, guatemala, ovando, mayn",3,1964.4
63,9,"allegationsalthough, termsconcerned, substantiation, ifctus, ifctu",1,1964.4
64,11,"belforth, quesada, rica, costa, rojass",2,1964.4
65,12,"cutv, marcano, good, abovegeneva, carbajal",3,1964.4
66,13,"ifctu, macias, madariaga, nicaragua, mosan",3,1964.4
67,14,"osasco, petroleum, bahia, distilling, guanabara",2,1964.4
68,15,"dominican, conatral, pacce, mobs, orit",5,1964.4
69,16,"ptti, ecuador, fenetel, insertion, complaining",5,1964.4
70,17,"parral, mexicanos, engagement, mexico, exclusion",2,1964.4
71,18,"uruguay, tricontinental, visas, theory, havana",2,1964.4
72,19,"boards, fecesitlih, honduras, lindo, matamoros",1,1964.4
73,21,"cold, store, paraguay, administrators, clasc",2,1964.4
74,22,"chiriqui, slaughterhouse, nonadmission, inspectorgeneral, panama",3,1964.4
75,23,"bolivia, barrisueta, asib, bolivian, siglo",7,1964.4
76,25,"ort, cuba, cuban, exile, corporations",2,1964.4
77,27,"respectivelyc, bahia, subparagraph, preceding, possession",1,1964.4
78,29,"bolivian, sora, bolivia, reregister, schoolteachers",1,1964.4
79,-1,"riveros, agripino, homoeopathy, christian, occasioned",25,1968.0
80,0,"hansen, olavo, hansens, kidney, ute",12,1968.0
81,1,"clasc, congress, vela, deputation, valencia",5,1968.0
82,2,"herrera, roads, pointless, dutiesb, unfoundedh",2,1968.0
83,3,"ongaro, juregui, argentina, argentinian, tucumn",10,1968.0
84,4,"poasi, unachosin, romana, homoeopathy, preamble",3,1968.0
85,5,"eighteen, peruvian, settlement, presidential, advantages",2,1968.0
86,6,"mollegas, mercano, cadafe, fetrametal, elctrico",2,1968.0
87,7,"thirtyfive, sumar, administrator, manufacturas, exleaders",1,1968.0
88,8,"vldez, girn, tereso, oliva, tailors",3,1968.0
89,9,"luvecce, luvecces, larin, blackmail, pompilio",2,1968.0
90,11,"homoeopathy, costa, goicoechea, rica, misdemeanours",5,1968.0
91,12,"managua, federations, oporta, villagrasa, choosingd",1,1968.0
92,13,"fsmn, porvenir, nicaraguan, nicaragua, managua",3,1968.0
93,14,"communicationsent, directdated, pharmaceutical, brazil, paolo",2,1968.0
94,15,"dominican, mspero, directorgeneral, casc, undersecretary",4,1968.0
95,16,"ecuador, ecuadorian, aviation, aeronautical, villagmez",4,1968.0
96,17,"firm, embotelladora, count, norte, unwarranted",1,1968.0
97,18,"ute, aute, uruguay, mobilisation, cnt",3,1968.0
98,19,"constraint, manager, warder, banks, constrained",1,1968.0
99,22,"panama, isthmian, christian, fipeso, palmar",6,1968.0
100,23,"bolivia, paz, bolivian, manufacturing, huanuni",4,1968.0
101,27,"unachosin, albuquerque, ensenada, huincul, takeover",2,1968.0
102,-1,"sobrado, chaves, acua, costa, rican",45,1971.6
103,0,"factfinding, ugarte, wftu, chilean, residence",21,1971.6
104,1,"acotv, inravision, cabanzo, avianca, reinoso",7,1971.6
105,2,"avianca, tortoise, sintrava, cabanzo, itf",1,1971.6
106,3,"batalla, argentina, uruguay, burgos, beltrn",8,1971.6
107,4,"poasi, cns, confederations, elections, federations",20,1971.6
108,5,"iglesias, gallin, chimbote, perulac, siderperu",2,1971.6
109,7,"chile, factfinding, chilean, uruguayan, wftu",15,1971.6
110,8,"procession, zimeri, bonin, electrnicas, limitada",4,1971.6
111,9,"aguinana, seg, carranza, fuss, romn",1,1971.6
112,10,"motion, governmentappointed, censure, censured, firm",1,1971.6
113,11,"sitet, costa, devandas, rican, ziga",12,1971.6
114,12,"lillo, intendente, surroundings, lafa, staggering",1,1971.6
115,13,"factfinding, named, textile, ago, fabritex",3,1971.6
116,14,"abdalla, questionnaire, sao, paulo, brazil",5,1971.6
117,15,"dominican, directorgeneral, undersecretary, prd, ugtd",13,1971.6
118,16,"moure, garcia, agrarian, eduardo, foreigners",1,1971.6
119,17,"mexico, palomino, atlixco, danzs, spicer",4,1971.6
120,18,"uruguay, uruguayan, cgtu, invite, directorgenerals",12,1971.6
121,19,"olancho, peasants, talanquera, fcl, league",2,1971.6
122,27,"sinomape, stevedores, poasi, urgent, dockworkers",4,1971.6
123,-1,"onion, telegraphs, telecommunication, girn, liberties",13,1975.2
124,0,"roln, centurin, falkan, fretez, ojeda",13,1975.2
125,1,"mineral, lame, fanal, professioni, icss",5,1975.2
126,2,"brizuela, dairies, sula, contrived, manipulated",1,1975.2
127,3,"palacios, masked, argentina, illtreating, palacioss",3,1975.2
128,4,"poasi, unachosin, romana, preamble, undersecretary",1,1975.2
129,5,"fishermens, cromotex, fishermen, peruvian, peru",7,1975.2
130,8,"florida, consortium, celso, bus, len",3,1975.2
131,9,"salvador, trnsito, industries, carrillo, feccas",10,1975.2
132,11,"stateiv, workersi, hamper, outlined, associationiii",1,1975.2
133,12,"feelings, prohibition, expression, aboved, consists",3,1975.2
134,13,"medrano, ctn, huembes, velarde, ctns",3,1975.2
135,15,"dominican, directorgeneral, undersecretary, prd, ugtd",3,1975.2
136,16,"cedoc, fenetel, ecuador, velasco, ecuadorian",6,1975.2
137,19,"agrarian, brizuela, honduras, sula, preamble",2,1975.2
138,20,"postal, telecommunications, telegraph, corrales, followsemployees",1,1975.2
139,27,"aztra, rafal, assembled, refinery, undersecretary",3,1975.2
140,-1,"egsa, factory, guatemala, cnt, garcia",42,1978.8
141,0,"released, ctn, palomares, seeomc, altesor",63,1978.8
142,1,"fenaltrase, colombia, medellin, gaseosas, colombian",24,1978.8
143,2,"utracat, benefiting, metal, fentrametal, bodywork",5,1978.8
144,3,"meruvia, cossi, micucci, catavi, miss",3,1978.8
145,4,"accord, nonunionised, equal, isaza, conformed",1,1978.8
146,5,"nacin, marciales, banco, cgtp, peru",14,1978.8
147,6,"sutissbolivar, fetrametal, fetrabolivar, sidor, benitez",2,1978.8
148,7,"anef, chile, icftu, roiz, chilean",19,1978.8
149,8,"ancep, atrg, agae, castellanos, garcia",1,1978.8
150,9,"carrillo, salvador, olivo, salvadorian, granja",13,1978.8
151,11,"utracat, stabapari, costa, chiriqui, gimnez",7,1978.8
152,12,"yves, bill, cath, sense, strict",5,1978.8
153,13,"nicaragua, cosep, cus, emergency, nicaraguan",23,1978.8
154,14,"da, silva, sao, paulo, metalworkers",12,1978.8
155,15,"codetel, sntt, dominican, visa, pichardo",11,1978.8
156,18,"lev, belleti, centrobanco, uruguay, washington",4,1978.8
157,19,"bemis, handal, honduras, fire, plant",9,1978.8
158,20,"sao, campo, paulo, diadema, consolidation",1,1978.8
159,21,"dam, itaip, hydroelectric, nurseries, paraguays",1,1978.8
160,22,"balboas, corip, sitraecoa, panama, eliduvino",2,1978.8
161,23,"bolivia, filemn, bolivian, altamirano, cob",6,1978.8
162,27,"aristides, th, orantes, ventura, februarymarch",5,1978.8
163,28,"directorgenerals, contacts, salvador, excellency, gallegos",5,1978.8
164,29,"fumh, fume, salary, colprosumahs, honduran",1,1978.8
165,30,"cath, simon, rmy, haiti, haitian",2,1978.8
166,-1,"kidnapping, sinatrac, textiles, universal, sctm",69,1982.4
167,0,"bustos, tile, asttel, messrs, icftu",82,1982.4
168,1,"vlvulas, grifos, garzn, gentil, revolving",12,1982.4
169,2,"cath, appointments, nonestablished, sintraidipron, idipron",9,1982.4
170,3,"uda, fund, coresponsibility, supplementary, assets",1,1982.4
171,4,"unregistered, disqualified, exclusive, zealand, choice",8,1982.4
172,5,"bartra, rabines, peru, calle, porras",11,1982.4
173,6,"ospv, viasa, aircraft, vianini, directorgeneralsrepresentative",2,1982.4
174,7,"chile, agech, chilean, santiago, bustos",33,1982.4
175,8,"disappeared, fasgua, kidnapped, whereabouts, urzar",15,1982.4
176,9,"fsr, cessa, salvador, cemento, incompetent",4,1982.4
177,11,"costa, rica, guzman, anep, guido",7,1982.4
178,12,"solidarity, banking, twoyears, poland, imprescriptable",4,1982.4
179,13,"cosep, nicaragua, cus, emergency, passport",18,1982.4
180,14,"sao, paulo, pernambuco, brazil, sugar",9,1982.4
181,15,"dominican, tile, indrhi, monetary, cut",11,1982.4
182,16,"ietel, ceosl, ecuador, culluctuc, ecuadorian",4,1982.4
183,18,"uruguay, pit, serpa, interunion, cocchi",7,1982.4
184,19,"colprosumah, sabio, honduras, unrecognised, wcotp",9,1982.4
185,20,"remunerations, undertakings, indexing, darricarrere, rend",2,1982.4
186,21,"paraguay, corazn, marcelino, spp, medina",13,1982.4
187,23,"bolivian, bolivias, bolivia, tin, cob",4,1982.4
188,25,"cuba, chaparra, spiritus, sancti, interceded",1,1982.4
189,27,"macavilca, luisa, mining, exhaltacin, valverde",4,1982.4
190,28,"contacts, jacobo, directorgenerals, salvador, excellency",12,1982.4
191,29,"school, educational, cabrel, reluz, aroz",1,1982.4
192,30,"cath, haiti, illtreatment, haitian, activists",2,1982.4
193,-1,"boyac, caldas, congress, leaderless, trustee",36,1986.0
194,0,"anta, unts, fenastras, murdered, fuss",52,1986.0
195,1,"ceballos, colombia, groups, murders, colombian",14,1986.0
196,2,"suavestimenta, clothing, precategorisation, abstentionist, abstention",2,1986.0
197,3,"missions, highways, roads, argentina, managerial",6,1986.0
198,4,"ioe, alegra, iniesep, cosep, nicaragua",7,1986.0
199,5,"peru, cantoral, cpv, consuelo, cgtp",14,1986.0
200,6,"ince, sutdi, fetrabin, venezuela, schedule",8,1986.0
201,7,"espnola, novara, otep, ozuna, canuta",1,1986.0
202,8,"doccident, banque, guatemala, thecomplainant, atomisation",7,1986.0
203,9,"censorship, fishing, salvadorea, cooperative, camaronera",3,1986.0
204,10,"reconvening, pitcnt, annima, councils, puma",2,1986.0
205,11,"solidarist, plebiscites, phenomena, rica, settlements",3,1986.0
206,12,"thelabour, confederational, labourauthority, salcedo, shifts",6,1986.0
207,13,"cosep, nicaragua, ioe, alegra, consultations",10,1986.0
208,14,"sao, paulo, pires, redonda, volta",6,1986.0
209,15,"sacks, deaths, hispaniola, ropes, fighting",2,1986.0
210,16,"inefos, ecuadorian, ecuador, fut, ceosl",5,1986.0
211,18,"pitcnt, cristaleras, uruguay, uruguayan, councils",3,1986.0
212,19,"pucallpa, peasants, cantoral, futh, sal",3,1986.0
213,20,"councils, fixing, page, quotation, uniondiscrimination",2,1986.0
214,21,"itapu, paraguay, apav, attendants, flight",6,1986.0
215,22,"panama, sitirhe, lastra, commerce, vallarino",3,1986.0
216,23,"hunger, exile, costofliving, bolivian, bolivia",1,1986.0
217,26,"farm, abduction, stiggs, cerj, bottling",1,1986.0
218,27,"salcedo, otep, espnola, paraguyan, capsa",5,1986.0
219,28,"contacts, cosep, ioe, solidarist, dispossessed",7,1986.0
220,-1,"farm, abduction, ranch, pastor, denunciation",52,1989.6
221,0,"abduction, inquiries, physical, sutep, farm",43,1989.6
222,1,"colombia, liquidation, utracun, cafetero, banco",17,1989.6
223,2,"solidarist, polymer, banks, banking, hondurea",2,1989.6
224,3,"argentine, argentina, mint, productivity, convertibility",20,1989.6
225,4,"solidarist, foetra, polymer, standardsetting, extension",17,1989.6
226,5,"peru, tr, peruvian, subsection, enapu",25,1989.6
227,6,"servivensa, ros, avensa, organic, venezuelan",11,1989.6
228,7,"fenats, sitracode, corporative, facilities, lateness",3,1989.6
229,8,"steg, camisas, modernas, guatemala, inbond",7,1989.6
230,9,"airport, cepa, sipes, port, salvador",1,1989.6
231,10,"piltex, manufacturas, renegotiation, inc, inssbi",4,1989.6
232,11,"solidarist, sitagah, geest, caribbean, costa",5,1989.6
233,12,"andean, tr, endangering, confined, event",4,1989.6
234,13,"ranch, anden, nicaragua, cosep, internacionales",7,1989.6
235,14,"grosso, mato, civilian, eder, red",1,1989.6
236,15,"sitracode, dominican, export, cvor, blacklist",5,1989.6
237,16,"ecuadorian, fenoc, eviction, cedoc, ceosl",8,1989.6
238,17,"olaf, inmobiliario, mill, palme, telcor",1,1989.6
239,18,"uruguay, paper, fnp, cuopyc, uruguayan",3,1989.6
240,19,"sitrainva, inva, honduras, aguilera, hilario",3,1989.6
241,20,"stabilisation, decrees, pesca, andahna, limitations",4,1989.6
242,21,"key, muoz, cntparaguay, casado, enramada",4,1989.6
243,22,"panamanian, panama, sinaban, inc, cabinet",5,1989.6
244,25,"ugtc, cuban, ustc, gutirrez, cuba",3,1989.6
245,26,"farm, nueva, patria, toj, abduction",9,1989.6
246,27,"sina, arco, cv, corsain, inazucar",2,1989.6
247,28,"contacts, onusal, searching, outstanding, homes",2,1989.6
248,30,"cneh, ogith, festredh, haiti, haitian",9,1989.6
249,-1,"electro, srtva, este, ucayali, sur",62,1993.2
250,0,"murdered, murders, antioqua, victims, impunity",63,1993.2
251,1,"colombia, murdered, murders, colombian, impunity",20,1993.2
252,2,"uneida, delfn, vildoso, rojo, quispe",10,1993.2
253,3,"uti, bankruptcy, rojo, retired, pensioners",8,1993.2
254,4,"fisheries, rubios, montalvn, risco, srtva",7,1993.2
255,5,"peru, sutep, peruvian, level, tr",12,1993.2
256,6,"avensa, aeronautical, servivensa, flight, firefighters",4,1993.2
257,7,"ims, slope, building, mandator, worksite",1,1993.2
258,8,"ceyln, galindo, estate, ajquijay, benavente",6,1993.2
259,9,"craft, nursing, sigesal, rosales, rayders",4,1993.2
260,10,"ucayali, electro, este, electrosur, puno",2,1993.2
261,11,"costa, rica, asepa, sitagah, senara",8,1993.2
262,12,"telegraph, hiring, collection, superior, wide",5,1993.2
263,13,"redentor, supermarkets, extra, fesimini, baca",2,1993.2
264,14,"petrobrs, abusive, fup, brazilian, oil",4,1993.2
265,15,"soldier, ozama, montellanos, courtmartial, miscarriage",1,1993.2
266,16,"petroecuador, assistants, ecuador, faele, hospital",6,1993.2
267,17,"fisheries, fstse, secretariat, natural, environment",1,1993.2
268,18,"lloyds, blsa, igtss, annulment, banking",1,1993.2
269,19,"railroad, tela, fecesitlih, sitraterco, fincas",1,1993.2
270,20,"fines, petrobras, abusive, inhibit, bill",1,1993.2
271,21,"feprinco, paraguay, cpt, bicameral, eximpora",6,1993.2
272,22,"controllers, traffic, air, panamanian, aeronautics",1,1993.2
273,23,"cob, bolivian, emergency, bolivia, icftuorit",3,1993.2
274,24,"collectedn, prosecutors, casanare, specialist, unit",2,1993.2
275,25,"ctdc, cuba, amelia, enid, luque",6,1993.2
276,26,"toj, california, farm, nueva, cndido",2,1993.2
277,27,"sina, arco, cv, corsain, inazucar",2,1993.2
278,29,"negro, ro, unter, undersecretariat, decrees",2,1993.2
279,-1,"etb, sintratelefonos, adeco, bogot, barreto",132,1996.8
280,0,"cutralco, neuqun, cutc, atelans, botron",21,1996.8
281,1,"cooperatives, colombia, sinaltrainbec, antioquia, confecciones",37,1996.8
282,2,"caofa, zamora, atahua, auditorgeneral, alvarez",39,1996.8
283,3,"irigoyen, unlar, faculty, pelloli, argentina",12,1996.8
284,4,"festsa, cstaffiliated, chentex, ctv, cntaffiliated",24,1996.8
285,5,"cgtp, sutrel, peru, enafer, luz",14,1996.8
286,6,"caracas, brigade, ctv, fire, fundarte",17,1996.8
287,7,"ceremony, senate, cut, assets, gallery",6,1996.8
288,8,"plantations, bananera, mop, panorama, circular",7,1996.8
289,9,"antel, founders, notary, notarial, isss",5,1996.8
290,10,"ect, fentect, brigade, aebu, caofa",11,1996.8
291,11,"costa, rica, unfair, dvm, chacn",6,1996.8
292,12,"antrtida, stoppages, islas, professional, stoppage",7,1996.8
293,14,"brasil, paran, contec, profitsharing, cntif",5,1996.8
294,16,"conautel, emetel, greta, hoyos, cte",1,1996.8
295,17,"roche, syntex, justo, stprm, sintaconalep",3,1996.8
296,18,"conaprole, vitalis, aoec, gaseba, pitcnt",2,1996.8
297,19,"colsiba, banana, consul, ecuadorian, ecuador",1,1996.8
298,20,"sepivic, ivic, bureau, cordiplan, planning",4,1996.8
299,21,"sitrande, ande, paraguay, announcers, radio",3,1996.8
300,22,"imaginary, disproportionate, panama, shutting, conep",3,1996.8
301,24,"sinaltrabavaria, sinaltrainbec, caja, agrario, bavaria",17,1996.8
302,26,"farm, exacta, lourdes, cardiz, unsitragua",18,1996.8
303,27,"sitrarena, fertica, registry, certification, ratification",2,1996.8
304,30,"cneh, yas, festredh, sewing, haiti",3,1996.8
305,-1,"ecopetrol, adeco, tribunal, award, sijupu",165,2000.4
306,0,"unapetrol, pdvsa, fernndez, ctv, civic",34,2000.4
307,1,"colombia, sintraseguridadsocial, default, cooperatives, asproal",18,2000.4
308,2,"praino, trabajo, sutrabantra, petrotech, peruana",47,2000.4
309,3,"dge, sute, buenos, aires, ate",21,2000.4
310,4,"magazine, helicol, metals, newspaper, vendors",24,2000.4
311,5,"sutrel, peru, srl, edelnor, cam",18,2000.4
312,6,"fedecamaras, venezuela, bolivarian, venezuelan, ioe",99,2000.4
313,7,"pilots, lan, chile, practices, andime",17,2000.4
314,8,"guatemala, unsitragua, nb, uasp, choi",21,2000.4
315,9,"sitrasepries, inpep, festraspes, siteaies, airport",4,2000.4
316,10,"cecinas, bread, intercompany, deduction, cooperatives",11,2000.4
317,11,"brokers, ins, andas, insurance, ageins",5,2000.4
318,12,"bankruptcy, receiver, debts, insolvency, sanitation",7,2000.4
319,13,"sitradel, fenitec, nicaragua, departmental, marenco",6,2000.4
320,14,"taubat, passos, elections, amaro, judge",1,2000.4
321,16,"cosmag, chalet, conarem, suisse, iess",2,2000.4
322,17,"aspa, aviacsa, mexican, fam, ballot",17,2000.4
323,18,"uaoegas, casmu, afgas, afcasmu, pitcnt",6,2000.4
324,19,"copemh, coprumh, honduran, honduras, clix",1,2000.4
325,20,"upcn, budget, petroperu, spending, fonafe",6,2000.4
326,22,"fruto, fenasep, panama, appointments, maritime",2,2000.4
327,25,"cuban, cuba, conic, cutc, chepe",5,2000.4
328,26,"quetzal, sigreteacopq, jovial, comitancillo, portuaria",1,2000.4
329,29,"timing, copemh, nonreprisal, libel, coprumh",3,2000.4
330,30,"csh, fritz, portauprince, fleurant, norval",1,2000.4
331,-1,"fmv, sitraj, sunepsas, sac, cv",149,2004.0
332,0,"murders, raquec, victim, coatepeque, perpetrators",73,2004.0
333,1,"accord, aerocivil, sinaltrainal, cundinamarca, colombia",25,2004.0
334,2,"mti, dgi, enacal, gamarra, augusto",48,2004.0
335,3,"ate, ipauss, udocba, salta, argentina",22,2004.0
336,4,"sinvema, mti, convocation, bill, sitrasspes",12,2004.0
337,5,"sac, essalud, sinacut, fetrapep, pesquera",13,2004.0
338,6,"girardot, sunep, sas, debts, salas",2,2004.0
339,7,"codelco, arauco, ctc, contracting, bosques",6,2004.0
340,8,"nach, guatemala, portela, ramrez, murders",7,2004.0
341,9,"sidpa, istu, alimenticios, productos, diana",6,2004.0
342,10,"icollantas, unilever, uniroyal, allowance, endofnegotiation",4,2004.0
343,11,"bills, rica, costa, bill, parliament",5,2004.0
344,12,"ed, fentase, substitute, ars, regulating",4,2004.0
345,14,"sinmgra, gravata, unilever, motors, stimmmepa",2,2004.0
346,16,"fundacyt, cevallos, simancas, isabel, norman",1,2004.0
347,17,"fgtem, setep, puebla, jalisco, mexico",6,2004.0
348,18,"disagreement, nonessential, operational, recommendationthe, requiring",1,2004.0
349,19,"stibys, hondurea, cervecera, olman, valladares",1,2004.0
350,20,"ate, upcn, sectoral, rectification, negotiating",3,2004.0
351,21,"contenidos, horas, panamericana, televisin, panam",2,2004.0
352,24,"cajanal, sintraunicol, eice, university, asemil",5,2004.0
353,28,"sidpa, dissolution, falsifying, ombudsman, unbeknown",1,2004.0
354,29,"neuqun, negro, aten, ro, road",3,2004.0
355,-1,"sintraime, indec, antiunion, expects, fenasep",242,2007.6
356,0,"uocra, murders, utp, risk, murdered",73,2007.6
357,1,"colombia, sinaltrainal, iss, sintraimagra, colombian",34,2007.6
358,2,"corah, tica, inacif, sifuse, lima",38,2007.6
359,3,"cta, ate, argentina, aires, buenos",47,2007.6
360,4,"nontraditional, apdfa, mpt, exports, passes",56,2007.6
361,5,"sunat, email, peru, sinaut, lima",44,2007.6
362,6,"bolivarian, venezuela, pdvsa, tigre, lottt",11,2007.6
363,7,"dgac, chile, chilean, anfdgac, directors",20,2007.6
364,8,"inacif, unsitragua, sindicato, welfare, trabajadores",10,2007.6
365,9,"salvador, sutc, stecg, sitravx, sitcom",20,2007.6
366,10,"corah, risaralda, inces, sutcorah, restructuring",10,2007.6
367,11,"sintrajap, rica, costa, febas, sebana",9,2007.6
368,12,"refineries, sinesss, cob, sunat, essalud",16,2007.6
369,13,"mined, granada, nerpe, sitravice, diriomo",2,2007.6
370,14,"mpt, paulo, brazil, conalis, ratification",11,2007.6
371,15,"elsamex, sl, cntd, codacsa, ciramar",4,2007.6
372,16,"guayaquil, fetrapec, ecuador, elctrica, constituent",5,2007.6
373,17,"jlcadf, strm, ballot, mexican, sptctrm",20,2007.6
374,18,"afa, uruguay, cofe, pit, uruguayan",10,2007.6
375,19,"honduras, futh, hourly, proneh, sitrarenape",2,2007.6
376,20,"ix, fetrapec, budget, atelca, fonafe",11,2007.6
377,21,"sinatt, steibi, itaip, paraguay, paraguayo",6,2007.6
378,22,"odebrecht, panama, suntracs, retraneq, sintup",3,2007.6
379,23,"cob, fensegural, bolivia, cstsb, panduro",3,2007.6
380,24,"sinaltracaf, inces, sintrainces, comfenalco, tolima",8,2007.6
381,27,"suontraj, magistracy, fee, organized, possibly",1,2007.6
382,28,"sintradoc, randy, telebucaramanga, philippines, ustc",2,2007.6
383,29,"entre, quattropani, bad, ros, teaching",5,2007.6
384,-1,"infom, cns, uso, institution, antiunion",99,2011.2
385,0,"vega, victoriano, abel, perpetrators, construction",43,2011.2
386,1,"pension, colombia, inpec, sinaltrainal, liquidation",37,2011.2
387,2,"siprosat, sintrasancarlos, sgtbcvbg, founding, juntos",27,2011.2
388,3,"sutap, aires, buenos, uejn, cgtra",11,2011.2
389,4,"cst, nominations, amendments, sinte, losep",17,2011.2
390,5,"telefnica, sitentel, sempe, peru, epsa",31,2011.2
391,6,"freites, bolivarian, venezuela, cement, carabobo",14,2011.2
392,7,"intercompany, cbt, buses, chile, fesuc",11,2011.2
393,8,"sitracogua, guatemalan, olympic, stopgn, guatemala",22,2011.2
394,9,"insaforp, anep, salvador, finance, salvadorian",12,2011.2
395,10,"contracting, sintraime, unitracoop, sintraimtcol, apse",21,2011.2
396,11,"pais, undeca, ucr, barrantes, ccss",2,2011.2
397,12,"sinesss, essalud, sn, idac, pickets",8,2011.2
398,13,"stigss, stopgn, stidpp, igss, pumay",1,2011.2
399,15,"adca, asitraredo, idac, cnus, dominican",3,2011.2
400,16,"losep, purchase, redundancy, ecuador, ecuadorian",3,2011.2
401,17,"snmm, sntmmss, stims, ballot, voting",2,2011.2
402,19,"comercial, similares, cemcol, sitraccmaccos, casa",2,2011.2
403,20,"fonafe, budget, budgetary, ftlf, arbitrators",8,2011.2
404,21,"drrling, paredes, secp, salary, readjustment",1,2011.2
405,22,"acp, canal, panama, ucoc, jrl",8,2011.2
406,23,"cob, bolivia, miners, bolivian, fesimras",9,2011.2
407,24,"sintraenfi, firm, subsections, sintrabancol, uneb",4,2011.2
408,29,"sinprodoh, pricphma, honduran, se, secretariat",8,2011.2
409,-1,"salary, ii, iii, suntracs, compilation",134,2014.8
410,0,"asic, gottardi, acdac, hernndez, dse",22,2014.8
411,1,"acdac, colombia, foundation, sintracoal, substantive",33,2014.8
412,2,"sintragfour, binational, murcia, sitramsa, sph",22,2014.8
413,3,"buenos, aires, uda, appj, city",31,2014.8
414,4,"sutfra, sunitel, binational, roundtables, entity",20,2014.8
415,5,"peru, llacta, sitramun, sunat, sunafil",21,2014.8
416,6,"sintraterricentropolar, unete, carabobo, sutraba, girot",8,2014.8
417,7,"assistants, corporations, srci, chile, anercich",15,2014.8
418,8,"hoc, ad, sintrafe, guatemala, msicg",19,2014.8
419,9,"salvador, tsc, conamype, birth, stsel",17,2014.8
420,10,"contracting, supervisors, fesuc, ctc, andina",15,2014.8
421,11,"sindeu, cla, aresep, university, apse",7,2014.8
422,12,"suteco, compilation, mandatory, corrientes, truckers",8,2014.8
423,14,"sinthoresp, fastfood, sindifast, gerais, minas",10,2014.8
424,15,"sinatrae, sinatesa, sitraviam, airport, nurses",2,2014.8
425,16,"astac, une, banana, plantation, ecuador",6,2014.8
426,17,"sunitel, jlca, sitisseg, sutsem, sindilacctm",7,2014.8
427,18,"snis, absorption, tobacco, sat, absorbed",1,2014.8
428,19,"stss, stas, sgjd, andeph, sitraebasar",6,2014.8
429,20,"conamype, sitco, oversight, sitrafos, clause",6,2014.8
430,21,"binational, mtess, sitrapren, entity, yacyret",3,2014.8
431,22,"mitradel, suntracs, panama, conusi, ugt",5,2014.8
432,23,"fesimras, bolivia, cob, ombudsperson, medical",5,2014.8
433,24,"foundation, sinaltrafusm, sintrafodes, sinprofuac, university",4,2014.8
434,25,"asic, cuba, cuban, trips, zaldvar",7,2014.8
435,-1,"sitiamash, smu, mteps, saq, parent",29,2018.4
436,0,"melndez, mtps, fenapes, mayor, aggravated",6,2018.4
437,1,"sinaltralux, acero, palacios, funza, lux",1,2018.4
438,2,"burga, subprefecture, sunafil, isidro, garca",2,2018.4
439,3,"cnea, nuclear, sectoral, apcnean, arn",2,2018.4
440,4,"cntpe, cot, cncf, suttp, pncp",7,2018.4
441,5,"cot, suttp, hereinafter, sunafil, sutracadd",2,2018.4
442,6,"salcedo, hatred, sinstrapescave, whatsapp, aquaculture",3,2018.4
443,7,"offer, stcle, areo, latam, grammatical",1,2018.4
444,8,"gflg, sitra, sintraflgua, sales, corporate",1,2018.4
445,9,"anep, dada, simn, melndez, salvador",3,2018.4
446,10,"fenapes, dges, sinutreapp, ces, sitehostac",12,2018.4
447,11,"sintrajap, limn, sintrastafcor, concession, container",3,2018.4
448,12,"applicability, unduly, sielas, transportation, passengers",1,2018.4
449,14,"pm, clt, mandatory, contributions, contribution",1,2018.4
450,15,"adp, preschool, teaching, stoppages, barahona",1,2018.4
451,16,"ecuador, frenapp, bastidas, ordez, tatamuez",7,2018.4
452,18,"saq, smu, highavailability, surgical, councils",3,2018.4
453,19,"sidunah, unah, sitiamash, guanchias, honduras",4,2018.4
454,20,"arn, sectoral, cnea, finance, apcnean",3,2018.4
455,22,"sitaip, sitraati, drtpo, dgt, mitradel",3,2018.4
456,23,"fdtpsc, mteps, bolivia, oil, parent",2,2018.4
457,29,"dges, fenapes, banners, efd, school",2,2018.4
